{
  "camera projection matrix": [
    [
      236.6182265039445,
      -148.5486087295797,
      -57.109216819632024,
      3341.228101163167
    ],
    [
      -22.022440285775016,
      -12.714661588837096,
      -258.40443502366435,
      2008.1572437243792
    ],
    [
      0.11785442780066145,
      0.0680432768006315,
      -0.05948876868450456,
      1.0
    ]
  ],
  "homography matrix": [
    [
      236.6182265039445,
      -148.5486087295797,
      3341.228101163167
    ],
    [
      -22.022440285775016,
      -12.714661588837096,
      2008.1572437243792
    ],
    [
      0.11785442780066145,
      0.0680432768006315,
      1.0
    ]
  ],
  "reprojection_error": 1.992585417692255e-10
}