{
  "camera projection matrix": [
    [
      179.82297511077687,
      -194.96946331148567,
      -97.45502327559063,
      3141.241445280804
    ],
    [
      -104.54663568596662,
      -38.051858843800915,
      -231.99833367491306,
      1779.7356511383095
    ],
    [
      0.10013095590179551,
      0.03644468188277851,
      -0.10151565009699434,
      1.0
    ]
  ],
  "homography matrix": [
    [
      179.82297511077687,
      -194.96946331148567,
      3141.241445280804
    ],
    [
      -104.54663568596662,
      -38.051858843800915,
      1779.7356511383095
    ],
    [
      0.10013095590179551,
      0.03644468188277851,
      1.0
    ]
  ],
  "reprojection_error": 2.888952939954266e-10
}