{
  "camera projection matrix": [
    [
      -25.272203269734934,
      154.63586957084541,
      -51.45897690839872,
      2354.4743170583047
    ],
    [
      51.083519878538645,
      -13.687794271700861,
      -140.54828691967944,
      589.6935867833301
    ],
    [
      -0.06483152789549274,
      0.017371562554444997,
      -0.053603100278788465,
      1.0
    ]
  ],
  "homography matrix": [
    [
      -25.272203269734934,
      154.63586957084541,
      2354.4743170583047
    ],
    [
      51.083519878538645,
      -13.687794271700861,
      589.6935867833301
    ],
    [
      -0.06483152789549274,
      0.017371562554444997,
      1.0
    ]
  ],
  "reprojection_error": 3.825085369923553e-10
}