{
  "camera projection matrix": [
    [
      95.6547856674967,
      -299.98326372953795,
      -115.6905945140885,
      723.6519345504335
    ],
    [
      -131.57162763801082,
      11.511026099694936,
      -275.4093669669213,
      2296.784963523234
    ],
    [
      0.12601452816885447,
      -0.011024838087649312,
      -0.1205110321898491,
      1.0
    ]
  ],
  "homography matrix": [
    [
      95.6547856674967,
      -299.98326372953795,
      723.6519345504335
    ],
    [
      -131.57162763801082,
      11.511026099694936,
      2296.784963523234
    ],
    [
      0.12601452816885447,
      -0.011024838087649312,
      1.0
    ]
  ],
  "reprojection_error": 2.1672004894538193e-10
}