{
  "camera projection matrix": [
    [
      -118.34603707578113,
      152.13469668797995,
      -39.39944109850417,
      1770.5882343909325
    ],
    [
      17.27707384071871,
      3.046410253778821,
      -178.27225015930432,
      1138.4286684981198
    ],
    [
      -0.09245927786480873,
      -0.016303063593951207,
      -0.041041081007115274,
      1.0
    ]
  ],
  "homography matrix": [
    [
      -118.34603707578113,
      152.13469668797995,
      1770.5882343909325
    ],
    [
      17.27707384071871,
      3.046410253778821,
      1138.4286684981198
    ],
    [
      -0.09245927786480873,
      -0.016303063593951207,
      1.0
    ]
  ],
  "reprojection_error": 3.853797771915079e-10
}