{
  "camera projection matrix": [
    [
      -60.750708956563265,
      -82.65828360548774,
      -16.58243040688256,
      1144.0220081820805
    ],
    [
      -0.43292474595496433,
      0.928417890377576,
      -94.61291591283694,
      661.1867158379907
    ],
    [
      0.02167656952429527,
      -0.046485555827737536,
      -0.017273361783338808,
      1.0
    ]
  ],
  "homography matrix": [
    [
      -60.750708956563265,
      -82.65828360548774,
      1144.0220081820805
    ],
    [
      -0.43292474595496433,
      0.928417890377576,
      661.1867158379907
    ],
    [
      0.02167656952429527,
      -0.046485555827737536,
      1.0
    ]
  ],
  "reprojection_error": 1.985616232823778e-10
}