{
  "camera projection matrix": [
    [
      122.67037559643742,
      12.19913918135991,
      -35.50777536367044,
      1346.21394564041
    ],
    [
      -10.757553685239301,
      -29.556139113811533,
      -112.49785160858922,
      386.191021486104
    ],
    [
      0.01903169953178231,
      0.052289172655146585,
      -0.03698726564428722,
      1.0
    ]
  ],
  "homography matrix": [
    [
      122.67037559643742,
      12.19913918135991,
      1346.21394564041
    ],
    [
      -10.757553685239301,
      -29.556139113811533,
      386.191021486104
    ],
    [
      0.01903169953178231,
      0.052289172655146585,
      1.0
    ]
  ],
  "reprojection_error": 9.415522605985567e-11
}