{
  "camera projection matrix": [
    [
      187.39591775964132,
      25.289524380616758,
      -69.47895842251421,
      1598.0719069108281
    ],
    [
      -20.529081864990218,
      -76.61557534641871,
      -165.39940877200598,
      980.0427411324791
    ],
    [
      0.0196620078796842,
      0.07337961178847931,
      -0.0723739149094085,
      1.0
    ]
  ],
  "homography matrix": [
    [
      187.39591775964132,
      25.289524380616758,
      1598.0719069108281
    ],
    [
      -20.529081864990218,
      -76.61557534641871,
      980.0427411324791
    ],
    [
      0.0196620078796842,
      0.07337961178847931,
      1.0
    ]
  ],
  "reprojection_error": 1.8213189143467375e-10
}