{
  "camera projection matrix": [
    [
      210.88427282068534,
      106.88578290158624,
      -58.30512398974344,
      1955.2179599670405
    ],
    [
      1.5763120056906683e-12,
      -40.86418683587243,
      -217.92824365143613,
      1410.492540485397
    ],
    [
      -0.0,
      0.11133935718915172,
      -0.060734504155665746,
      1.0
    ]
  ],
  "homography matrix": [
    [
      210.88427282068534,
      106.88578290158624,
      1955.2179599670405
    ],
    [
      1.5763120056906683e-12,
      -40.86418683587243,
      1410.492540485397
    ],
    [
      -0.0,
      0.11133935718915172,
      1.0
    ]
  ],
  "reprojection_error": 1.0071063885735944e-10
}