{
  "camera projection matrix": [
    [
      129.1115308232144,
      72.44879395921986,
      -17.54331103232103,
      648.6575814986824
    ],
    [
      -1.2466136465323695e-11,
      10.366539770676924,
      -135.35310780399737,
      1098.5008199820375
    ],
    [
      0.0,
      0.07546749370752394,
      -0.018274282325315885,
      1.0
    ]
  ],
  "homography matrix": [
    [
      129.1115308232144,
      72.44879395921986,
      648.6575814986824
    ],
    [
      -1.2466136465323695e-11,
      10.366539770676924,
      1098.5008199820375
    ],
    [
      0.0,
      0.07546749370752394,
      1.0
    ]
  ],
  "reprojection_error": 8.73193575421703e-11
}