{
  "camera projection matrix": [
    [
      99.40136156830602,
      -159.83187298305114,
      -46.41728531218349,
      1270.611868415084
    ],
    [
      -32.40859423588534,
      -2.83539307852147,
      -173.49484165289792,
      1005.8398890140744
    ],
    [
      0.08830107235922559,
      0.007725346340024661,
      -0.04835134541309451,
      1.0
    ]
  ],
  "homography matrix": [
    [
      99.40136156830602,
      -159.83187298305114,
      1270.611868415084
    ],
    [
      -32.40859423588534,
      -2.83539307852147,
      1005.8398890140744
    ],
    [
      0.08830107235922559,
      0.007725346340024661,
      1.0
    ]
  ],
  "reprojection_error": 1.277100980815059e-10
}