{
  "camera projection matrix": [
    [
      -135.1582462333899,
      52.73534183378537,
      -23.452587549749794,
      981.4904818145955
    ],
    [
      1.1098433544552888,
      0.9312666900477894,
      -133.81140852875396,
      920.1715004050963
    ],
    [
      -0.05556982187370721,
      -0.04662861664392426,
      -0.024429776843597036,
      1.0
    ]
  ],
  "homography matrix": [
    [
      -135.1582462333899,
      52.73534183378537,
      981.4904818145955
    ],
    [
      1.1098433544552888,
      0.9312666900477894,
      920.1715004050963
    ],
    [
      -0.05556982187370721,
      -0.04662861664392426,
      1.0
    ]
  ],
  "reprojection_error": 1.262528736935198e-10
}