{
  "camera projection matrix": [
    [
      124.58317458894281,
      -63.808812331807744,
      -28.612222909909775,
      502.9749275481405
    ],
    [
      -10.436265237941168,
      -7.307551953490629,
      -129.46287005484882,
      836.5135150084129
    ],
    [
      0.05585023736737444,
      0.03910675838563068,
      -0.029804398977445995,
      1.0
    ]
  ],
  "homography matrix": [
    [
      124.58317458894281,
      -63.808812331807744,
      502.9749275481405
    ],
    [
      -10.436265237941168,
      -7.307551953490629,
      836.5135150084129
    ],
    [
      0.05585023736737444,
      0.03910675838563068,
      1.0
    ]
  ],
  "reprojection_error": 8.553580373764516e-11
}