{
  "camera projection matrix": [
    [
      -103.57513735812854,
      101.14821109521922,
      -41.69939011464229,
      -385.73730769128963
    ],
    [
      34.70995011955912,
      12.633392911398964,
      -132.114495182381,
      687.9286088202363
    ],
    [
      -0.06140701601366231,
      -0.02235032713378938,
      -0.04343686763463637,
      1.0
    ]
  ],
  "homography matrix": [
    [
      -103.57513735812854,
      101.14821109521922,
      -385.73730769128963
    ],
    [
      34.70995011955912,
      12.633392911398964,
      687.9286088202363
    ],
    [
      -0.06140701601366231,
      -0.02235032713378938,
      1.0
    ]
  ],
  "reprojection_error": 1.805190475102879e-10
}