{
  "camera projection matrix": [
    [
      148.70140093781927,
      96.12363116064454,
      -36.194109522068906,
      1179.3187548875494
    ],
    [
      1.404632604980657,
      -16.055021316807906,
      -163.76896281772852,
      1091.9232204674809
    ],
    [
      -0.007516971285950226,
      0.08591937556336318,
      -0.037702197663214906,
      1.0
    ]
  ],
  "homography matrix": [
    [
      148.70140093781927,
      96.12363116064454,
      1179.3187548875494
    ],
    [
      1.404632604980657,
      -16.055021316807906,
      1091.9232204674809
    ],
    [
      -0.007516971285950226,
      0.08591937556336318,
      1.0
    ]
  ],
  "reprojection_error": 1.0164642356165637e-10
}