{
  "camera projection matrix": [
    [
      1156.6819157491695,
      404.6523498245082,
      -402.45040955629406,
      -6122.014517767799
    ],
    [
      -36.048248664669366,
      -412.0334354750396,
      -1099.2003172729897,
      10029.268442925826
    ],
    [
      0.04574985626148129,
      0.5229233325031155,
      -0.41921917681529597,
      1.0
    ]
  ],
  "homography matrix": [
    [
      1156.6819157491695,
      404.6523498245082,
      -6122.014517767799
    ],
    [
      -36.048248664669366,
      -412.0334354750396,
      10029.268442925826
    ],
    [
      0.04574985626148129,
      0.5229233325031155,
      1.0
    ]
  ],
  "reprojection_error": 3.604742663320094e-11
}