{
  "camera projection matrix": [
    [
      176.07001203809517,
      280.4561728371236,
      -67.68977638639365,
      -386.8033154559217
    ],
    [
      15.070299860401663,
      -26.102525459252323,
      -306.27868284016944,
      2165.4814055897646
    ],
    [
      -0.08064956505232988,
      0.13968915754276992,
      -0.07051018472011292,
      1.0
    ]
  ],
  "homography matrix": [
    [
      176.07001203809517,
      280.4561728371236,
      -386.8033154559217
    ],
    [
      15.070299860401663,
      -26.102525459252323,
      2165.4814055897646
    ],
    [
      -0.08064956505232988,
      0.13968915754276992,
      1.0
    ]
  ],
  "reprojection_error": 7.95829295139604e-11
}