{
  "camera projection matrix": [
    [
      -192.61211390128804,
      138.49850930535456,
      -77.91283543957744,
      2803.853921978041
    ],
    [
      69.34505979704143,
      40.03639751329584,
      -212.8008924675091,
      1398.2473849215137
    ],
    [
      -0.08800776610281383,
      -0.05081131489612837,
      -0.08115920549006994,
      1.0
    ]
  ],
  "homography matrix": [
    [
      -192.61211390128804,
      138.49850930535456,
      2803.853921978041
    ],
    [
      69.34505979704143,
      40.03639751329584,
      1398.2473849215137
    ],
    [
      -0.08800776610281383,
      -0.05081131489612837,
      1.0
    ]
  ],
  "reprojection_error": 2.3785422745798473e-10
}