{
  "camera projection matrix": [
    [
      10.163833427923084,
      251.49958986200662,
      -92.48379649722354,
      63.83673484852391
    ],
    [
      95.68885295478486,
      -44.620441995598206,
      -220.16401279055384,
      1657.6549136949652
    ],
    [
      -0.09164731188339498,
      0.042735842574997226,
      -0.09633728945070381,
      1.0
    ]
  ],
  "homography matrix": [
    [
      10.163833427923084,
      251.49958986200662,
      63.83673484852391
    ],
    [
      95.68885295478486,
      -44.620441995598206,
      1657.6549136949652
    ],
    [
      -0.09164731188339498,
      0.042735842574997226,
      1.0
    ]
  ],
  "reprojection_error": 1.346413812279234e-10
}