{
  "camera projection matrix": [
    [
      14.045239744290459,
      257.5044858633641,
      -63.597970264427275,
      -1090.6552336739292
    ],
    [
      38.602033387669785,
      -22.28688380697244,
      -237.7114503715877,
      1829.0941506125823
    ],
    [
      -0.10517581976506485,
      0.0607232963328051,
      -0.06624789652039949,
      1.0
    ]
  ],
  "homography matrix": [
    [
      14.045239744290459,
      257.5044858633641,
      -1090.6552336739292
    ],
    [
      38.602033387669785,
      -22.28688380697244,
      1829.0941506125823
    ],
    [
      -0.10517581976506485,
      0.0607232963328051,
      1.0
    ]
  ],
  "reprojection_error": 2.300566801562268e-10
}