{
  "camera projection matrix": [
    [
      939.0475873833677,
      607.0196043582339,
      -228.5653734155931,
      3416.8303286879586
    ],
    [
      8.870240144248775,
      -101.38726970302048,
      -1034.199067698372,
      7857.60723896983
    ],
    [
      -0.047469589239840015,
      0.5425798425015967,
      -0.23808893318786775,
      1.0
    ]
  ],
  "homography matrix": [
    [
      939.0475873833677,
      607.0196043582339,
      3416.8303286879586
    ],
    [
      8.870240144248775,
      -101.38726970302048,
      7857.60723896983
    ],
    [
      -0.047469589239840015,
      0.5425798425015967,
      1.0
    ]
  ],
  "reprojection_error": 3.2015549482600013e-10
}