{
  "camera projection matrix": [
    [
      1070.8415328894266,
      920.3925013333443,
      -406.71506309360063,
      -1017.4295474014893
    ],
    [
      93.24486483485755,
      -347.9945961913342,
      -1288.578802463646,
      11249.433081830679
    ],
    [
      -0.16496389979162185,
      0.6156536664373726,
      -0.4236615202691759,
      1.0
    ]
  ],
  "homography matrix": [
    [
      1070.8415328894266,
      920.3925013333443,
      -1017.4295474014893
    ],
    [
      93.24486483485755,
      -347.9945961913342,
      11249.433081830679
    ],
    [
      -0.16496389979162185,
      0.6156536664373726,
      1.0
    ]
  ],
  "reprojection_error": 2.756224371627532e-10
}