{
  "camera projection matrix": [
    [
      -180.31264765336812,
      63.21813518307859,
      -55.03613366978856,
      435.5248882952959
    ],
    [
      34.47238929946236,
      34.47238140514865,
      -174.36874549016662,
      978.4953118985538
    ],
    [
      -0.060986733775721634,
      -0.06098672923316888,
      -0.05732930263855127,
      1.0
    ]
  ],
  "homography matrix": [
    [
      -180.31264765336812,
      63.21813518307859,
      435.5248882952959
    ],
    [
      34.47238929946236,
      34.47238140514865,
      978.4953118985538
    ],
    [
      -0.060986733775721634,
      -0.06098672923316888,
      1.0
    ]
  ],
  "reprojection_error": 3.1949912529898096e-11
}