{
  "camera projection matrix": [
    [
      123.50894175450273,
      64.80451276664364,
      -51.24829739707494,
      1385.4605157112358
    ],
    [
      5.09912271212769,
      -58.28323815716819,
      -122.00006848831143,
      469.70365947045576
    ],
    [
      -0.004883753854948825,
      0.05582156048779682,
      -0.053383643093425366,
      1.0
    ]
  ],
  "homography matrix": [
    [
      123.50894175450273,
      64.80451276664364,
      1385.4605157112358
    ],
    [
      5.09912271212769,
      -58.28323815716819,
      469.70365947045576
    ],
    [
      -0.004883753854948825,
      0.05582156048779682,
      1.0
    ]
  ],
  "reprojection_error": 3.3952881941539913e-10
}